PDBCode,ModelID,chainID,residueName,residueIndex,phi,psi,type
7oeu_Mono_Open,0,A,ASP,2,-89.67752045982854,-170.03502785244888,General
7oeu_Mono_Open,0,A,LEU,3,-68.03603793822295,-17.93979182033167,General
7oeu_Mono_Open,0,A,LEU,4,-75.9584344640266,-25.842233257712152,General
7oeu_Mono_Open,0,A,LYS,5,57.149477661176995,38.84406815790367,General
7oeu_Mono_Open,0,A,ARG,6,-72.74789606771277,-27.819353004007336,General
7oeu_Mono_Open,0,A,HIS,7,-66.55449464941142,-16.866644918808596,General
7oeu_Mono_Open,0,A,LEU,8,-83.42159340761437,-11.555222884953261,General
7oeu_Mono_Open,0,A,ALA,9,-77.77331387141096,142.5190660745282,Pre-proline
7oeu_Mono_Open,0,A,PRO,10,-78.76203283145014,57.93715154500952,Proline
7oeu_Mono_Open,0,A,ILE,11,-128.28219413036308,128.71803834033386,Ile-Val
7oeu_Mono_Open,0,A,VAL,12,-74.39755944250736,155.29844915926003,Pre-proline
7oeu_Mono_Open,0,A,PRO,13,-57.4428755715051,-37.43828698908727,Proline
7oeu_Mono_Open,0,A,ASP,14,-68.63148123260004,-33.61642948409943,General
7oeu_Mono_Open,0,A,ALA,15,-65.23153261670296,-37.53636697247728,General
7oeu_Mono_Open,0,A,TRP,16,-60.98057154226225,-41.976912833537384,General
7oeu_Mono_Open,0,A,SER,17,-61.734204443844625,-42.58442324996327,General
7oeu_Mono_Open,0,A,ALA,18,-63.87425789154523,-43.683371750831014,General
7oeu_Mono_Open,0,A,ILE,19,-60.69362869489792,-45.937757521453676,Ile-Val
7oeu_Mono_Open,0,A,ASP,20,-63.162838502091766,-40.49989173264904,General
7oeu_Mono_Open,0,A,GLU,21,-65.00772497261615,-42.36942035192078,General
7oeu_Mono_Open,0,A,GLU,22,-58.393622683621935,-50.65275511171224,General
7oeu_Mono_Open,0,A,ALA,23,-62.25219527140957,-41.56248522143414,General
7oeu_Mono_Open,0,A,LYS,24,-64.3055139285706,-43.69390857030268,General
7oeu_Mono_Open,0,A,GLU,25,-66.95671875596092,-38.64323567406166,General
7oeu_Mono_Open,0,A,ILE,26,-59.72343940868953,-46.33645455118717,Ile-Val
7oeu_Mono_Open,0,A,PHE,27,-66.35522165542385,-44.61727746471498,General
7oeu_Mono_Open,0,A,GLN,28,-64.2811468753771,-27.506241838389137,General
7oeu_Mono_Open,0,A,GLY,29,-79.78912094294995,-30.95873943425337,Glycine
7oeu_Mono_Open,0,A,HIS,30,-119.7888726157332,-8.327526413110256,General
7oeu_Mono_Open,0,A,LEU,31,-77.20887684060781,95.56707462979439,General
7oeu_Mono_Open,0,A,ALA,32,-73.98359367234606,-45.477095468757234,General
7oeu_Mono_Open,0,A,GLY,33,-63.90722773520236,-36.480072670351596,Glycine
7oeu_Mono_Open,0,A,ARG,34,-65.63705324429705,-25.874308061274853,General
7oeu_Mono_Open,0,A,LYS,35,-92.58619515088516,9.893385712459327,General
7oeu_Mono_Open,0,A,LEU,36,-119.72693363935909,-53.80731694101595,General
7oeu_Mono_Open,0,A,VAL,37,-83.61780035515238,168.9110801632933,Ile-Val
7oeu_Mono_Open,0,A,ASP,38,-75.81891887154481,151.4732469513392,General
7oeu_Mono_Open,0,A,PHE,39,-125.07536025190078,123.85814550239607,General
7oeu_Mono_Open,0,A,ARG,40,-115.67930996361423,136.905823706463,General
7oeu_Mono_Open,0,A,GLY,41,101.9148124420256,-164.2464279976754,Pre-proline
7oeu_Mono_Open,0,A,PRO,42,-75.1892571470752,152.59980002883708,Proline
7oeu_Mono_Open,0,A,PHE,43,-114.23059679907242,-4.398729286544145,General
7oeu_Mono_Open,0,A,GLY,44,99.00619635182184,-176.02881095624755,Glycine
7oeu_Mono_Open,0,A,TRP,45,-72.03755393271035,-20.50867471207507,General
7oeu_Mono_Open,0,A,GLU,46,-100.93041998018815,-1.8756700889610396,General
7oeu_Mono_Open,0,A,TYR,47,-69.52922209520851,117.65977102154166,General
7oeu_Mono_Open,0,A,ALA,48,-107.39857227691931,-29.55561356137137,General
7oeu_Mono_Open,0,A,ALA,49,-160.0064829697371,157.0010217945996,General
7oeu_Mono_Open,0,A,VAL,50,-96.8577325154832,124.39481527599027,Ile-Val
7oeu_Mono_Open,0,A,ASN,51,-76.37557835860834,120.62746555634092,General
7oeu_Mono_Open,0,A,THR,52,-87.20933406311231,-17.97807047520879,General
7oeu_Mono_Open,0,A,GLY,53,79.7801898585132,3.022049617453773,Glycine
7oeu_Mono_Open,0,A,GLU,54,-95.06314203490572,156.10571345894402,General
7oeu_Mono_Open,0,A,LEU,55,-120.01635148156006,146.51019846764999,General
7oeu_Mono_Open,0,A,ARG,56,-118.9934037450953,130.70917142355674,Pre-proline
7oeu_Mono_Open,0,A,PRO,57,-68.41615851462983,149.9176107405474,Proline
7oeu_Mono_Open,0,A,ILE,58,-109.75434072963809,128.40994964026694,Ile-Val
7oeu_Mono_Open,0,A,ASP,59,-73.00500710326558,-59.32612393194014,General
7oeu_Mono_Open,0,A,ASP,60,-75.34019427270678,82.78991017662851,General
7oeu_Mono_Open,0,A,THR,61,-131.83297345689684,148.73252557164872,Pre-proline
7oeu_Mono_Open,0,A,PRO,62,-65.39346117144714,162.70732512143903,Proline
7oeu_Mono_Open,0,A,GLU,63,-69.00434847527553,-30.400044518525753,General
7oeu_Mono_Open,0,A,ASP,64,-86.38559551971444,0.2311356092536906,General
7oeu_Mono_Open,0,A,VAL,65,-129.78539360873881,133.82982378887664,Ile-Val
7oeu_Mono_Open,0,A,ASP,66,-109.6009783217501,120.22958508913466,General
7oeu_Mono_Open,0,A,MET,67,-125.37108315058646,136.58277964911673,General
7oeu_Mono_Open,0,A,LYS,68,-137.37838510816198,148.93334654856992,General
7oeu_Mono_Open,0,A,LEU,69,-102.7985375388787,135.4893419390304,General
7oeu_Mono_Open,0,A,ARG,70,-75.30364338523704,140.40333160902642,General
7oeu_Mono_Open,0,A,GLN,71,-100.00702489993597,135.00318749242962,General
7oeu_Mono_Open,0,A,VAL,72,-145.04030570083685,154.4935573299632,Ile-Val
7oeu_Mono_Open,0,A,GLN,73,-115.19996233408489,104.90152776111587,Pre-proline
7oeu_Mono_Open,0,A,PRO,74,-67.69607292628737,146.4890668646384,Proline
7oeu_Mono_Open,0,A,LEU,75,-80.30840367431688,153.06639556779953,General
7oeu_Mono_Open,0,A,ALA,76,-102.31754909891815,138.64670075056148,General
7oeu_Mono_Open,0,A,GLU,77,-104.97767494715838,126.14916069684404,General
7oeu_Mono_Open,0,A,VAL,78,-119.00098525579244,129.66168162086458,Ile-Val
7oeu_Mono_Open,0,A,ARG,79,-128.235208427927,126.13422469756803,General
7oeu_Mono_Open,0,A,VAL,80,-112.5241416314651,106.86748479316303,Pre-proline
7oeu_Mono_Open,0,A,PRO,81,-71.06117813403091,155.28849739882344,Proline
7oeu_Mono_Open,0,A,PHE,82,-155.6785979954485,166.67630608710763,General
7oeu_Mono_Open,0,A,THR,83,-129.89168840359446,147.10326309316827,General
7oeu_Mono_Open,0,A,LEU,84,-132.33146552385526,153.9648159675641,General
7oeu_Mono_Open,0,A,ASP,85,-82.4529190597926,131.35422705326218,General
7oeu_Mono_Open,0,A,VAL,86,-67.22149258156648,-37.2429246144661,Ile-Val
7oeu_Mono_Open,0,A,THR,87,-66.75298760731316,-37.87646757445549,General
7oeu_Mono_Open,0,A,GLU,88,-62.04805911096042,-38.84047011588979,General
7oeu_Mono_Open,0,A,LEU,89,-72.15499136852878,-32.15372244829248,General
7oeu_Mono_Open,0,A,ASP,90,-65.58978789008826,-35.5836832115593,General
7oeu_Mono_Open,0,A,SER,91,-59.12448179851757,-23.963262878364258,General
7oeu_Mono_Open,0,A,VAL,92,-59.79315769087114,-38.645745983120385,Ile-Val
7oeu_Mono_Open,0,A,ALA,93,-66.73783579262889,-22.70983727927901,General
7oeu_Mono_Open,0,A,ARG,94,-90.98152623178393,6.17937148789962,General
7oeu_Mono_Open,0,A,GLY,95,100.15263111851476,4.940214340658651,Glycine
7oeu_Mono_Open,0,A,ALA,96,-66.50096260324892,137.2662679346326,General
7oeu_Mono_Open,0,A,THR,97,-105.34698863771334,-12.283626906860857,General
7oeu_Mono_Open,0,A,ASN,98,-132.2956743223062,68.2406838007184,Pre-proline
7oeu_Mono_Open,0,A,PRO,99,-69.07379250923357,154.7261492659897,Proline
7oeu_Mono_Open,0,A,ASP,100,-73.30676045972794,103.83022082364741,General
7oeu_Mono_Open,0,A,LEU,101,-119.88553650145384,37.846115204196636,General
7oeu_Mono_Open,0,A,ASP,102,-64.91075577049416,-42.82577565356954,General
7oeu_Mono_Open,0,A,ASP,103,-67.93786741070387,-24.760115687470204,General
7oeu_Mono_Open,0,A,VAL,104,-62.348528095024115,-48.506708222541356,Ile-Val
7oeu_Mono_Open,0,A,ALA,105,-63.24913042869163,-40.09406873005727,General
7oeu_Mono_Open,0,A,ARG,106,-59.007815506849624,-49.792444451674044,General
7oeu_Mono_Open,0,A,ALA,107,-65.12353973356333,-38.58729898691415,General
7oeu_Mono_Open,0,A,ALA,108,-65.13647644131399,-41.22576151927406,General
7oeu_Mono_Open,0,A,GLU,109,-71.26862526773903,-29.202776548709725,General
7oeu_Mono_Open,0,A,ARG,110,-63.60268090776159,-42.08822424188989,General
7oeu_Mono_Open,0,A,MET,111,-64.33065609302369,-40.847754566039384,General
7oeu_Mono_Open,0,A,VAL,112,-59.09714023250678,-43.62304964282074,Ile-Val
7oeu_Mono_Open,0,A,GLU,113,-58.73614531146394,-47.06802336464661,General
7oeu_Mono_Open,0,A,ALA,114,-59.17312988093241,-50.699610766887886,General
7oeu_Mono_Open,0,A,GLU,115,-64.64686806031399,-48.94665607056822,General
7oeu_Mono_Open,0,A,ASP,116,-69.55281782317263,-34.81686190426209,General
7oeu_Mono_Open,0,A,SER,117,-62.97628062873298,-40.48833341684342,General
7oeu_Mono_Open,0,A,ALA,118,-62.397719246036935,-44.035879141738285,General
7oeu_Mono_Open,0,A,ILE,119,-67.11844440046025,-45.0799059452404,Ile-Val
7oeu_Mono_Open,0,A,PHE,120,-86.0084067798491,-46.56335496912481,General
7oeu_Mono_Open,0,A,HIS,121,-111.81344918331521,10.021532276159753,General
7oeu_Mono_Open,0,A,GLY,122,77.13231281292171,168.7327720469106,Glycine
7oeu_Mono_Open,0,A,TRP,123,-150.09659878679358,94.13887792330438,General
7oeu_Mono_Open,0,A,ALA,124,-68.5625585908189,-32.10735857124772,General
7oeu_Mono_Open,0,A,GLN,125,-68.84842713980527,-23.53470252619157,General
7oeu_Mono_Open,0,A,ALA,126,-95.74934034282877,5.006186907640358,General
7oeu_Mono_Open,0,A,GLY,127,64.07353650200075,34.894925700470324,Glycine
7oeu_Mono_Open,0,A,ILE,128,-112.37977036494759,136.96263909623138,Ile-Val
7oeu_Mono_Open,0,A,LYS,129,-109.88102614542063,131.39914027718478,General
7oeu_Mono_Open,0,A,GLY,130,-80.016445503647,172.27072593009134,Glycine
7oeu_Mono_Open,0,A,ILE,131,-65.42920563163172,-44.4142277740968,Ile-Val
7oeu_Mono_Open,0,A,VAL,132,-70.90537429210232,-44.98439467223712,Ile-Val
7oeu_Mono_Open,0,A,ASP,133,-79.71857659837076,-4.003856827989388,General
7oeu_Mono_Open,0,A,SER,134,-107.46680207823329,-7.745355234969869,General
7oeu_Mono_Open,0,A,THR,135,-73.1168654434964,131.55583923755304,Pre-proline
7oeu_Mono_Open,0,A,PRO,136,-78.54276327237149,-16.09135198018364,Proline
7oeu_Mono_Open,0,A,HIS,137,-69.06106727311551,154.49337194808288,General
7oeu_Mono_Open,0,A,GLU,138,-73.30890908374788,141.72518077877828,General
7oeu_Mono_Open,0,A,ALA,139,-81.26686377066349,115.98392174209721,General
7oeu_Mono_Open,0,A,LEU,140,-61.81821090520255,128.74959837294838,General
7oeu_Mono_Open,0,A,ALA,141,-93.50330491987317,102.73667889589365,General
7oeu_Mono_Open,0,A,VAL,142,-78.61748756214001,128.6701670687315,Ile-Val
7oeu_Mono_Open,0,A,ALA,143,-89.03441104616678,-40.65885319168297,General
7oeu_Mono_Open,0,A,SER,144,-147.93761019253245,168.0703614975822,General
7oeu_Mono_Open,0,A,VAL,145,-60.684109329749646,-26.28444701033435,Ile-Val
7oeu_Mono_Open,0,A,SER,146,-84.66445073274,-8.952271260125338,General
7oeu_Mono_Open,0,A,ASP,147,-80.10930650983862,-15.492147788454442,General
7oeu_Mono_Open,0,A,PHE,148,-58.22332386319117,-48.18337608449188,Pre-proline
7oeu_Mono_Open,0,A,PRO,149,-58.97291338160369,-26.720817625672815,Proline
7oeu_Mono_Open,0,A,ARG,150,-79.4872713450966,-54.337919509790105,General
7oeu_Mono_Open,0,A,ALA,151,-51.74991061686763,-47.00002103468083,General
7oeu_Mono_Open,0,A,VAL,152,-53.794813712909516,-51.09076861133476,Ile-Val
7oeu_Mono_Open,0,A,LEU,153,-53.33576392212632,-48.27988248141768,General
7oeu_Mono_Open,0,A,SER,154,-53.663337971673734,-52.87625460667323,General
7oeu_Mono_Open,0,A,ALA,155,-57.37382611237371,-45.95556911599714,General
7oeu_Mono_Open,0,A,ALA,156,-58.577268705496714,-42.80439805411849,General
7oeu_Mono_Open,0,A,ASP,157,-55.056957877793344,-50.24299675211369,General
7oeu_Mono_Open,0,A,THR,158,-53.78842422344959,-43.26788919720002,General
7oeu_Mono_Open,0,A,LEU,159,-62.332499720751095,-41.521561281594046,General
7oeu_Mono_Open,0,A,ARG,160,-78.3990911489857,-17.930720825986803,General
7oeu_Mono_Open,0,A,LYS,161,-69.23539606303406,-48.10459516435001,General
7oeu_Mono_Open,0,A,ALA,162,-71.45947366868016,-9.545751056487267,General
7oeu_Mono_Open,0,A,GLY,163,105.28779632411359,13.799579779691658,Glycine
7oeu_Mono_Open,0,A,VAL,164,-99.06331075637398,109.37487198568162,Ile-Val
7oeu_Mono_Open,0,A,THR,165,-92.81870444531363,-167.03761866496114,General
7oeu_Mono_Open,0,A,GLY,166,88.0145449425225,165.57820687633424,Pre-proline
7oeu_Mono_Open,0,A,PRO,167,-60.30708811120807,144.48912884661146,Proline
7oeu_Mono_Open,0,A,TYR,168,-112.51887212345795,118.23274474153577,General
7oeu_Mono_Open,0,A,ALA,169,-88.11864700658484,145.36388570891245,General
7oeu_Mono_Open,0,A,LEU,170,-103.43941072538294,129.64754092414458,General
7oeu_Mono_Open,0,A,VAL,171,-117.36720121043415,124.85557257933704,Ile-Val
7oeu_Mono_Open,0,A,LEU,172,-114.54705765215728,129.20407604681418,General
7oeu_Mono_Open,0,A,GLY,173,-68.12934043145029,-175.7331970714966,Pre-proline
7oeu_Mono_Open,0,A,PRO,174,-62.7251360850329,-54.49817722930521,Proline
7oeu_Mono_Open,0,A,LYS,175,-63.43398954549442,-41.18574485039556,General
7oeu_Mono_Open,0,A,ALA,176,-62.779741563761746,-44.56802763169308,General
7oeu_Mono_Open,0,A,TYR,177,-61.8762629338067,-45.402713192850086,General
7oeu_Mono_Open,0,A,ASP,178,-59.538938954109334,-47.22557409152365,General
7oeu_Mono_Open,0,A,ASP,179,-75.33061639996579,-34.201658994825124,General
7oeu_Mono_Open,0,A,LEU,180,-87.88979336033009,-10.26846283764474,General
7oeu_Mono_Open,0,A,PHE,181,-109.04003452153538,-15.329546777594333,General
7oeu_Mono_Open,0,A,ALA,182,-88.4996683316021,22.477845047344704,General
7oeu_Mono_Open,0,A,ALA,183,-119.1213019034665,146.95325620194137,General
7oeu_Mono_Open,0,A,THR,184,-155.04981534048417,133.64080519851038,General
7oeu_Mono_Open,0,A,GLN,185,-93.58163749571392,75.5709391618163,General
7oeu_Mono_Open,0,A,ASP,186,52.64923369072258,40.4998315123173,General
7oeu_Mono_Open,0,A,GLY,187,108.12581997186173,-40.72900792154127,Glycine
7oeu_Mono_Open,0,A,TYR,188,-71.48272537657661,130.07812147991055,Pre-proline
7oeu_Mono_Open,0,A,PRO,189,-77.62074872500243,145.88933887848162,Proline
7oeu_Mono_Open,0,A,VAL,190,-102.15714753787631,-45.163453395438395,Ile-Val
7oeu_Mono_Open,0,A,ALA,191,-60.7795276240568,-35.31575052880163,General
7oeu_Mono_Open,0,A,LYS,192,-57.027106065660426,-44.47292287598982,General
7oeu_Mono_Open,0,A,GLN,193,-59.411616472012966,-39.56571821844046,General
7oeu_Mono_Open,0,A,VAL,194,-61.262010765552375,-49.476492943327465,Ile-Val
7oeu_Mono_Open,0,A,GLN,195,-65.6015666643918,-31.134664911572393,General
7oeu_Mono_Open,0,A,ARG,196,-63.49299077688198,-32.10497650548444,General
7oeu_Mono_Open,0,A,LEU,197,-62.74262059016452,-51.62819051758053,General
7oeu_Mono_Open,0,A,VAL,198,-74.23615282190828,130.48748288710883,Ile-Val
7oeu_Mono_Open,0,A,VAL,199,-76.59254222028771,102.48648446112846,Ile-Val
7oeu_Mono_Open,0,A,ASP,200,40.899793742850555,39.5829849321009,General
7oeu_Mono_Open,0,A,GLY,201,-103.58779249677556,145.36034082176533,Pre-proline
7oeu_Mono_Open,0,A,PRO,202,-76.96479814370535,155.99039381410637,Proline
7oeu_Mono_Open,0,A,LEU,203,-119.89038401945338,117.0318853452104,General
7oeu_Mono_Open,0,A,VAL,204,-126.07648010269776,147.3501146589041,Ile-Val
7oeu_Mono_Open,0,A,ARG,205,-96.95845688813529,128.26218427149408,General
7oeu_Mono_Open,0,A,ALA,206,-123.19089930261372,110.7908108762111,General
7oeu_Mono_Open,0,A,ASN,207,-67.72738854069745,-22.441618716515663,General
7oeu_Mono_Open,0,A,ALA,208,-92.50887114402458,-6.908198071145389,General
7oeu_Mono_Open,0,A,LEU,209,-86.36730129390693,126.14433433593581,General
7oeu_Mono_Open,0,A,ALA,210,-87.90682409922594,120.03382937494008,General
7oeu_Mono_Open,0,A,GLY,211,88.83681567644335,-130.52286148794312,Glycine
7oeu_Mono_Open,0,A,ALA,212,-148.82957918269238,174.0889736754369,General
7oeu_Mono_Open,0,A,LEU,213,-157.40690353273195,142.25567271334404,General
7oeu_Mono_Open,0,A,VAL,214,-121.0320071889535,122.91096506685581,Ile-Val
7oeu_Mono_Open,0,A,MET,215,-142.85826012926796,149.37576326965933,General
7oeu_Mono_Open,0,A,SER,216,-71.69457003299092,140.18770114629658,General
7oeu_Mono_Open,0,A,MET,217,-98.89469280958046,24.790315104112146,General
7oeu_Mono_Open,0,A,ARG,218,-62.829157852874275,-41.62925481414496,General
7oeu_Mono_Open,0,A,GLY,219,102.73927595500675,153.33263488859362,Glycine
7oeu_Mono_Open,0,A,GLY,220,78.85712206964791,5.7134505819819985,Glycine
7oeu_Mono_Open,0,A,ASP,221,-101.26281987196911,-38.00121337708891,General
7oeu_Mono_Open,0,A,TYR,222,-132.80386790589998,134.1203204264259,General
7oeu_Mono_Open,0,A,GLU,223,-134.34199432160005,111.82443137877084,General
7oeu_Mono_Open,0,A,LEU,224,-100.47691541006792,118.1274312854586,General
7oeu_Mono_Open,0,A,THR,225,-105.1729975915316,129.33133870589708,General
7oeu_Mono_Open,0,A,VAL,226,-116.40536810437862,122.74296996716878,Ile-Val
7oeu_Mono_Open,0,A,GLY,227,-81.60173161324535,-67.93775500922273,Glycine
7oeu_Mono_Open,0,A,GLN,228,-104.03508987898512,118.23725067984343,General
7oeu_Mono_Open,0,A,ASP,229,-73.17494778839604,168.56599954700692,General
7oeu_Mono_Open,0,A,LEU,230,-52.26688014761369,122.854755968701,General
7oeu_Mono_Open,0,A,SER,231,-138.59687290897162,155.37571764105658,General
7oeu_Mono_Open,0,A,ILE,232,-109.31563114301599,121.1709805203607,Ile-Val
7oeu_Mono_Open,0,A,GLY,233,-120.40245723128095,164.63567513699317,Glycine
7oeu_Mono_Open,0,A,TYR,234,-103.92353515621215,136.11385937251947,General
7oeu_Mono_Open,0,A,ALA,235,-109.97705953737685,-52.79961161745774,General
7oeu_Mono_Open,0,A,PHE,236,-165.82502772332327,165.80427780876192,General
7oeu_Mono_Open,0,A,HIS,237,-157.10713481847256,141.06344191629378,General
7oeu_Mono_Open,0,A,ASP,238,-97.6730403030489,-167.3328993486781,General
7oeu_Mono_Open,0,A,ARG,239,-61.79917926818303,-37.556330451829616,General
7oeu_Mono_Open,0,A,SER,240,-113.92545511668726,-20.830455645166825,General
7oeu_Mono_Open,0,A,LYS,241,-122.77290656908391,144.92153976979603,General
7oeu_Mono_Open,0,A,VAL,242,-119.53510929077221,132.36147102347724,Ile-Val
7oeu_Mono_Open,0,A,GLU,243,-99.75856743930696,119.96231674162,General
7oeu_Mono_Open,0,A,LEU,244,-117.7221319737193,175.319003312094,General
7oeu_Mono_Open,0,A,PHE,245,-148.88721108515378,154.01270538332378,General
7oeu_Mono_Open,0,A,VAL,246,-95.24454122911365,134.3461341529509,Ile-Val
7oeu_Mono_Open,0,A,ALA,247,-131.18921573893422,146.16165174673813,General
7oeu_Mono_Open,0,A,GLU,248,-158.15018935662155,153.13269622535546,General
7oeu_Mono_Open,0,A,SER,249,-130.20878116314265,131.94963190973544,General
7oeu_Mono_Open,0,A,PHE,250,-161.8260294561214,165.51789350002028,General
7oeu_Mono_Open,0,A,THR,251,-150.5180445384633,162.0240192738249,General
7oeu_Mono_Open,0,A,PHE,252,-133.46036413456142,135.84279503998056,General
7oeu_Mono_Open,0,A,ARG,253,-124.23866206173798,137.33288491059741,General
7oeu_Mono_Open,0,A,VAL,254,-99.3093064676645,101.0457204988924,Ile-Val
7oeu_Mono_Open,0,A,LEU,255,-75.2974490873949,-43.13640024406398,General
7oeu_Mono_Open,0,A,GLU,256,-123.19698784446204,103.08255522379808,Pre-proline
7oeu_Mono_Open,0,A,PRO,257,-65.06141565243304,-20.984040410299666,Proline
7oeu_Mono_Open,0,A,GLY,258,-90.70103310658158,11.291985914484867,Glycine
7oeu_Mono_Open,0,A,ALA,259,-90.85467321667242,13.807426416728749,General
7oeu_Mono_Open,0,A,ALA,260,-147.84143908857908,154.36409727063116,General
7oeu_Mono_Open,0,A,VAL,261,-130.85467699966583,130.87243977750782,Ile-Val
7oeu_Mono_Open,0,A,HIS,262,-88.77801480529568,136.9471249032347,General
7oeu_Mono_Open,0,A,LEU,263,-110.02866070218236,120.58294014067566,General
7oeu_Mono_Open,0,A,ARG,264,-81.90144092249803,-164.6652262671319,General
7oeu_Mono_Open,0,A,TYR,265,-38.72842823612586,121.24661057637826,General
